symbol,token
GOLDIAM-EQ,11971
HATHWAY-EQ,18154
GRASIM-EQ,1232
TCS-EQ,11536
BSLGOLDETF-EQ,23804
NRAIL-EQ,20314
TIRUMALCHM-EQ,3496
BEL-EQ,383
ELIN-EQ,13423
ORIENTCEM-EQ,30089
YUKEN-EQ,5501
LICNETFGSC-EQ,6062
GUJAPOLLO-EQ,14677
TRENT-EQ,1964
CARBORUNIV-EQ,595
GICRE-EQ,277
ALMONDZ-EQ,16719
INDIGO-EQ,11195
TTL-EQ,14314
PAYTM-EQ,6705
CENTURYPLY-EQ,13305
KARURVYSYA-EQ,1838
ASTRAL-EQ,14418
SHAREINDIA-EQ,104
KABRAEXTRU-EQ,1805
KIRLOSIND-EQ,19025
DHARMAJ-EQ,13001
MINDACORP-EQ,25897
RAYMOND-EQ,2859
NEOGEN-EQ,9917
AARTIIND-EQ,7
ASTRON-EQ,874
NDRAUTO-EQ,22255
RVHL-EQ,1565
KHAICHEM-EQ,896
ADANIENT-EQ,25
NELCO-EQ,2388
FLEXITUFF-EQ,25512
GABRIEL-EQ,1085
OSWALSEEDS-EQ,14305
APOLLOTYRE-EQ,163
CENTRUM-EQ,2454
RAMCOCEM-EQ,2043
VISHWARAJ-EQ,13702
COROMANDEL-EQ,739
BORORENEW-EQ,3149
BLS-EQ,17279
COMPINFO-EQ,17632
IPL-EQ,4934
HDFCMID150-EQ,14236
DALMIASUG-EQ,781
SHALPAINTS-EQ,15342
UTISXN50-EQ,9168
CROMPTON-EQ,17094
WEL-EQ,7835
MAHAPEXLTD-EQ,5239
MOTOGENFIN-EQ,2268
BRNL-EQ,21683
SUNDRMBRAK-EQ,4179
ICICICOMMO-EQ,13198
GALAXYSURF-EQ,1315
EBBETF0430-EQ,16253
DBOL-EQ,10893
RPPL-EQ,6913
GOLDBEES-EQ,14428
PFS-EQ,22602
WEWIN-EQ,9862
SMCGLOBAL-EQ,2320
RECLTD-EQ,15355
ICICI500-EQ,3001
ARIHANTSUP-EQ,20159
SHIVALIK-EQ,7016
AARVEEDEN-EQ,13771
DPWIRES-EQ,16900
GARFIBRES-EQ,1100
ATFL-EQ,1663
KOTAKNIFTY-EQ,18102
SBILIFE-EQ,21808
DMART-EQ,19913
AJMERA-EQ,17307
VISAKAIND-EQ,4221
ORIENTABRA-EQ,13111
NH-EQ,11840
MSTCLTD-EQ,9356
RUSHIL-EQ,24595
PGHH-EQ,2535
141NSETEST-EQ,14781
SUNCLAYLTD-EQ,29008
MMFL-EQ,13844
JKCEMENT-EQ,13270
SALZERELEC-EQ,11399
DSPSILVETF-EQ,10761
SURANASOL-EQ,21077
LAGNAM-EQ,5865
SHK-EQ,11212
DWARKESH-EQ,11667
SOLARA-EQ,3672
HEUBACHIND-EQ,715
GREENPOWER-EQ,20110
PCBL-EQ,2649
CONCOR-EQ,4749
MHRIL-EQ,17333
BOSCHLTD-EQ,2181
SUBEXLTD-EQ,967
THYROCARE-EQ,17032
GPPL-EQ,19731
MARICO-EQ,4067
BANARBEADS-EQ,347
HARDWYN-EQ,8962
LGBBROSLTD-EQ,18321
AGROPHOS-EQ,9046
KAMOPAINTS-EQ,13814
SEAMECLTD-EQ,2616
FCSSOFT-EQ,11999
SONAMCLOCK-EQ,8806
LOKESHMACH-EQ,13436
HECPROJECT-EQ,7425
HDFCLIFE-EQ,467
BALKRISHNA-EQ,10181
MAESGETF-EQ,1200
CHEVIOT-EQ,9879
TNIDETF-EQ,8882
ARTEMISMED-EQ,16913
STAR-EQ,7374
SKIPPER-EQ,9428
SUDARSCHEM-EQ,3327
INDSWFTLTD-EQ,11602
DHRUV-EQ,6858
AKSHARCHEM-EQ,20178
JOCIL-EQ,16927
LUMAXTECH-EQ,14014
IRCTC-EQ,13611
SUVENPHAR-EQ,17945
EASEMYTRIP-EQ,2792
PNBGILTS-EQ,8736
UNIENTER-EQ,11293
EXXARO-EQ,5352
LEXUS-EQ,14459
KAYNES-EQ,12092
GRAVITA-EQ,20534
NIFTYBEES-EQ,10576
TARMAT-EQ,14771
COFFEEDAY-EQ,11165
HDFC-EQ,1330
N1NSETEST-EQ,12848
ROHLTD-EQ,13182
SHRIRAMFIN-EQ,4306
ORIENTLTD-EQ,18208
BLUESTARCO-EQ,8311
TATASTEEL-EQ,3499
BIRLACORPN-EQ,480
SVLL-EQ,15121
MOLDTKPAC-EQ,6713
OFSS-EQ,10738
WOCKPHARMA-EQ,7506
MARATHON-EQ,18659
MARKSANS-EQ,10579
ICICIFIN-EQ,12578
DEEPAKFERT-EQ,827
TEAMLEASE-EQ,12716
PASUPTAC-EQ,6045
GRAPHITE-EQ,592
NETF-EQ,7838
CEATLTD-EQ,15254
SOFTTECH-EQ,8266
TATAMTRDVR-EQ,16965
SANGHIIND-EQ,2997
MAHSCOOTER-EQ,2085
TIIL-EQ,14223
CHAMBLFERT-EQ,637
MCLEODRUSS-EQ,11943
BOMDYEING-EQ,513
HIKAL-EQ,9668
DRCSYSTEMS-EQ,2645
NDL-EQ,31258
KEYFINSERV-EQ,4157
RATNAMANI-EQ,13451
FSL-EQ,14304
KIRLOSBROS-EQ,18581
SILVERTUC-EQ,9422
TPLPLASTEH-EQ,9219
HDFCPVTBAN-EQ,12108
HDFCNIF100-EQ,10633
161NSETEST-EQ,14784
INDOBORAX-EQ,8614
BAYERCROP-EQ,17927
OMINFRAL-EQ,24231
SHYAMTEL-EQ,13740
HEXATRADEX-EQ,27008
FOODSIN-EQ,6673
AARTIPHARM-EQ,13868
MOKSH-EQ,3586
ABSLNN50ET-EQ,7339
KOTAKNV20-EQ,11457
MAFANG-EQ,3507
PARADEEP-EQ,9741
SREEL-EQ,31837
ARCHIDPLY-EQ,16795
RAJSREESUG-EQ,2809
SHALBY-EQ,714
SARVESHWAR-EQ,12913
GENUSPAPER-EQ,6600
IDBIGOLD-EQ,25640
PALREDTEC-EQ,17062
SIMPLEXINF-EQ,3162
INDOWIND-EQ,14952
DONEAR-EQ,13839
SRPL-EQ,140
FINEORG-EQ,3744
ARROWGREEN-EQ,9260
BIOCON-EQ,11373
HEADSUP-EQ,19205
MRO-TEK-EQ,8998
KDDL-EQ,14908
ALKEM-EQ,11703
PAISALO-EQ,25468
WELSPUNIND-EQ,11253
ECLERX-EQ,15179
DSPN50ETF-EQ,7451
ISMTLTD-EQ,14932
AIROLAM-EQ,6068
GRINFRA-EQ,5054
HDFCLOWVOL-EQ,11547
EBBETF0425-EQ,22243
MONQ50-EQ,7422
ELDEHSG-EQ,8953
ARMANFIN-EQ,17263
TRACXN-EQ,11582
AHLEAST-EQ,19438
KRISHANA-EQ,12847
NUCLEUS-EQ,10791
SAKAR-EQ,9539
RSYSTEMS-EQ,13414
PLASTIBLEN-EQ,13920
RUBYMILLS-EQ,2939
IDEA-EQ,14366
GAEL-EQ,8828
ICICILOVOL-EQ,21254
MANINDS-EQ,11884
HMVL-EQ,19211
DELTACORP-EQ,15044
OIL-EQ,17438
SUNDARMHLD-EQ,2183
JINDWORLD-EQ,20642
DCMSRIND-EQ,7325
ROML-EQ,359
NSLNISP-EQ,14180
ICRA-EQ,14523
RPOWER-EQ,15259
METROBRAND-EQ,7242
HDFCVALUE-EQ,11260
SCPL-EQ,12072
AKZOINDIA-EQ,1467
NKIND-EQ,2439
CGCL-EQ,20329
SESHAPAPER-EQ,3066
GOLDTECH-EQ,9874
BIL-EQ,7848
ZODIAC-EQ,7129
SUNDARMFIN-EQ,3339
KFINTECH-EQ,13359
BALRAMCHIN-EQ,341
JINDALSAW-EQ,3024
SHIVAMAUTO-EQ,13756
GMMPFAUDLR-EQ,1570
DELHIVERY-EQ,9599
NAHARSPING-EQ,14440
SADHNANIQ-EQ,15343
CORALFINAC-EQ,4007
TWL-EQ,15414
DYCL-EQ,10417
UJJIVANSFB-EQ,15228
RELAXO-EQ,24225
MRPL-EQ,2283
DPABHUSHAN-EQ,936
SOLARINDS-EQ,13332
DSPQ50ETF-EQ,7456
APCOTEXIND-EQ,154
JUBLFOOD-EQ,18096
BARBEQUE-EQ,3127
HTMEDIA-EQ,11979
CGPOWER-EQ,760
ARVIND-EQ,193
SUNDRMFAST-EQ,3345
BIRLAMONEY-EQ,15239
SDL24BEES-EQ,1143
BHAGERIA-EQ,13400
ALEMBICLTD-EQ,79
IDFC-EQ,11957
AGI-EQ,1412
JTLIND-EQ,7287
LAURUSLABS-EQ,19234
NHPC-EQ,17400
ICICINIFTY-EQ,29553
DEVYANI-EQ,5373
MADHAV-EQ,15151
BAJAJFINSV-EQ,16675
TVTODAY-EQ,11275
AUSOMENT-EQ,4037
BAJAJHLDNG-EQ,305
JTEKTINDIA-EQ,3237
PAVNAIND-EQ,16192
GULFOILLUB-EQ,4391
BBTC-EQ,380
NPBET-EQ,12978
SPORTKING-EQ,10733
NESCO-EQ,15409
WINDMACHIN-EQ,24969
CLEAN-EQ,5049
UCALFUEL-EQ,3570
AXSENSEX-EQ,14742
UMESLTD-EQ,19142
PARACABLES-EQ,13951
COCHINSHIP-EQ,21508
CELEBRITY-EQ,13162
OCCL-EQ,12231
ENERGYDEV-EQ,15049
HEALTHY-EQ,6297
IWEL-EQ,3776
KCPSUGIND-EQ,4809
ONEPOINT-EQ,9939
GFLLIMITED-EQ,1289
TCI-EQ,10580
MAFSETF-EQ,5220
JUBLINGREA-EQ,2783
ANMOL-EQ,3727
TERASOFT-EQ,19292
HEROMOTOCO-EQ,1348
EMKAY-EQ,13421
MALUPAPER-EQ,13352
YESBANK-EQ,11915
OBEROIRLTY-EQ,20242
SMLT-EQ,6843
JUSTDIAL-EQ,29962
TCPLPACK-EQ,184
HCL-INSYS-EQ,1327
GSS-EQ,15347
DAAWAT-EQ,13816
AEGISCHEM-EQ,40
MCL-EQ,22360
GATI-EQ,13688
REFEX-EQ,17764
EVEREADY-EQ,11782
LICI-EQ,9480
GLAXO-EQ,1153
SHOPERSTOP-EQ,11813
QGOLDHALF-EQ,15330
HDFCNIFETF-EQ,11591
NILASPACES-EQ,7411
RML-EQ,11975
TOKYOPLAST-EQ,3837
ACI-EQ,12024
AAVAS-EQ,5385
SETFNIF50-EQ,10176
ZYDUSWELL-EQ,17635
JBCHEPHARM-EQ,1726
BODALCHEM-EQ,25017
JWL-EQ,20224
IIFLSEC-EQ,13072
GTPL-EQ,21195
KICL-EQ,21119
SWSOLAR-EQ,12489
KOTAKLOVOL-EQ,8632
HONAUT-EQ,3417
IOLCP-EQ,20413
RADICO-EQ,10990
MOHEALTH-EQ,10508
DRREDDY-EQ,881
JAICORPLTD-EQ,5143
HOVS-EQ,13592
GILLETTE-EQ,1576
LXCHEM-EQ,2841
DPSCLTD-EQ,15419
MAPMYINDIA-EQ,7227
NAHARCAP-EQ,15360
CSLFINANCE-EQ,10350
PREMIERPOL-EQ,3908
GLS-EQ,5265
SURYODAY-EQ,2970
AXISGOLD-EQ,20532
INFOBEAN-EQ,11027
SYMPHONY-EQ,24190
MAHSEAMLES-EQ,2088
SILVER-EQ,8003
TFCILTD-EQ,3466
GREENLAM-EQ,6848
DCXINDIA-EQ,11895
3IINFOLTD-EQ,6232
ANANDRATHI-EQ,7145
SONATSOFTW-EQ,6596
NDTV-EQ,11427
SCI-EQ,3048
IOB-EQ,9348
MACPOWER-EQ,22347
KOVAI-EQ,5192
ICICINF100-EQ,30392
HITECH-EQ,2868
AHLADA-EQ,2004
JSWSTEEL-EQ,11723
PSB-EQ,21001
UJJIVAN-EQ,17069
DBSTOCKBRO-EQ,31107
ZODIACLOTH-EQ,3821
HINDMOTORS-EQ,21676
MOM100-EQ,21423
TORNTPOWER-EQ,13786
SAFARI-EQ,13035
EBBETF0433-EQ,13139
STCINDIA-EQ,10948
KOTAKMNC-EQ,10676
BALKRISIND-EQ,335
SEQUENT-EQ,14296
SUPREMEIND-EQ,3363
KANORICHEM-EQ,1835
HPL-EQ,18679
THEMISMED-EQ,14485
HEG-EQ,1336
VIKASECO-EQ,25756
MOREPENLAB-EQ,2259
PPAP-EQ,15209
ICICIBANKN-EQ,11037
MOGSEC-EQ,1507
ALOKINDS-EQ,17675
REPL-EQ,1480
CREDITACC-EQ,4421
SBIETFQLTY-EQ,7218
USK-EQ,14871
BAGFILMS-EQ,11226
NACLIND-EQ,20425
NAHARINDUS-EQ,13106
LINCOLN-EQ,11596
SKMEGGPROD-EQ,4732
APOLLOPIPE-EQ,14361
MHLXMIRU-EQ,7886
HINDCOPPER-EQ,17939
BBOX-EQ,3435
PRSMJOHNSN-EQ,2739
JPOLYINVST-EQ,31507
11NSETEST-EQ,12841
HINDALCO-EQ,1363
RBA-EQ,1494
DJML-EQ,12749
FDC-EQ,4898
GRINDWELL-EQ,13560
GOKULAGRO-EQ,14480
NATCOPHARM-EQ,3918
AUBANK-EQ,21238
HDFCMOMENT-EQ,11538
VLSFINANCE-EQ,3715
PRAKASHSTL-EQ,19599
APCL-EQ,20453
VADILALIND-EQ,24196
JBMA-EQ,11655
SILVERBEES-EQ,8080
GEPIL-EQ,7862
TATACHEM-EQ,3405
SBIETFIT-EQ,740
21STCENMGM-EQ,4
JSWENERGY-EQ,17869
SYNCOMF-EQ,11992
LUXIND-EQ,11301
INDIANB-EQ,14309
BANKA-EQ,822
PTL-EQ,14101
HDFCGROWTH-EQ,11241
UMANGDAIRY-EQ,11387
RHL-EQ,15157
BAJFINANCE-EQ,317
ASHIMASYN-EQ,206
GMBREW-EQ,1168
NIRAJ-EQ,255
ATGL-EQ,6066
NIF100BEES-EQ,29577
AROGRANITE-EQ,14557
NAUKRI-EQ,13751
OSWALGREEN-EQ,471
GUJALKALI-EQ,1267
ESABINDIA-EQ,955
ICICISILVE-EQ,7942
TFL-EQ,14319
TI-EQ,19196
PRAENG-EQ,13941
PRAJIND-EQ,2705
SURYALAXMI-EQ,11852
APARINDS-EQ,11491
PAGEIND-EQ,14413
POONAWALLA-EQ,11403
WELCORP-EQ,11821
PRECAM-EQ,12603
NCLIND-EQ,14490
ATALREAL-EQ,15649
MSUMI-EQ,8596
IRB-EQ,15313
COSMOFIRST-EQ,742
COFORGE-EQ,11543
121NSETEST-EQ,14777
BANARISUG-EQ,350
ANTGRAPHIC-EQ,5194
5PAISA-EQ,445
CUMMINSIND-EQ,1901
VSSL-EQ,27067
DCAL-EQ,21704
KIMS-EQ,4847
FINOPB-EQ,6579
ALKYLAMINE-EQ,4487
MRF-EQ,2277
TEXINFRA-EQ,11549
A2ZINFRA-EQ,20906
ALPHAGEO-EQ,14597
TRITURBINE-EQ,25584
021NSETEST-EQ,14751
DREDGECORP-EQ,11271
CENTUM-EQ,14982
AARTISURF-EQ,19233
SHARIABEES-EQ,17044
SAREGAMA-EQ,4892
RAMASTEEL-EQ,10300
CANFINHOME-EQ,583
ICICISENSX-EQ,4378
STLTECH-EQ,9309
BEML-EQ,395
HITECHGEAR-EQ,4433
SHRENIK-EQ,11149
KAKATCEM-EQ,1811
TATASTLLP-EQ,1639
SRHHYPOLTD-EQ,14582
IRFC-EQ,2029
ASIANTILES-EQ,14889
BATAINDIA-EQ,371
MANAKALUCO-EQ,7420
SUMMITSEC-EQ,21275
GLOBALVECT-EQ,13735
IRCON-EQ,4986
INTLCONV-EQ,5606
LAOPALA-EQ,14423
SCHAEFFLER-EQ,1011
HBSL-EQ,4116
CREATIVEYE-EQ,9384
SHILPAMED-EQ,17752
JHS-EQ,13720
BANCOINDIA-EQ,13880
KAPSTON-EQ,18967
KEC-EQ,13260
KRITI-EQ,6417
EMIL-EQ,11530
JINDALPHOT-EQ,11743
KBCGLOBAL-EQ,2354
INGERRAND-EQ,1597
MOTHERSON-EQ,4204
RAMRAT-EQ,10485
SHRADHA-EQ,708
ESSARSHPNG-EQ,25634
ORISSAMINE-EQ,19931
OBCL-EQ,8797
LASA-EQ,21713
DCMNVL-EQ,11039
SEPOWER-EQ,27303
RACE-EQ,15391
SECURCRED-EQ,11520
AJANTPHARM-EQ,8124
UTIAMC-EQ,527
AYMSYNTEX-EQ,10285
RVNL-EQ,9552
ELECTCAST-EQ,928
DMCC-EQ,6973
VALIANTORG-EQ,330
UNIDT-EQ,201
GPTINFRA-EQ,17685
MEDANTA-EQ,11956
INDUSTOWER-EQ,29135
LIQUIDETF-EQ,1927
CPSEETF-EQ,2328
SMARTLINK-EQ,9889
LICHSGFIN-EQ,1997
USHAMART-EQ,8840
TIPSINDLTD-EQ,9117
UCOBANK-EQ,11223
SHANTI-EQ,5650
BALMLAWRIE-EQ,338
KOTAKPSUBK-EQ,15061
INFOMEDIA-EQ,13693
KAYA-EQ,10276
BHARATRAS-EQ,3834
PRITIKAUTO-EQ,5292
KALYANKJIL-EQ,2955
LICNETFSEN-EQ,11441
MARINE-EQ,1328
CDSL-EQ,21174
KOTHARIPRO-EQ,5528
ONELIFECAP-EQ,25492
CAPLIPOINT-EQ,3906
SGL-EQ,13367
DABUR-EQ,772
SIMBHALS-EQ,14612
LIBAS-EQ,11082
KRBL-EQ,10577
RAJTV-EQ,14403
DIAMONDYD-EQ,21840
IFBAGRO-EQ,1482
XELPMOC-EQ,8477
MOLDTECH-EQ,17625
63MOONS-EQ,11868
360ONE-EQ,13061
KOKUYOCMLN-EQ,16827
CANBK-EQ,10794
TIJARIA-EQ,25482
DHANBANK-EQ,11359
KEI-EQ,13310
KANPRPLA-EQ,1782
UNIONBANK-EQ,10753
IONEXCHANG-EQ,1630
BURNPUR-EQ,15194
MEDICAMEQ-EQ,6278
MID150BEES-EQ,8506
GAIL-EQ,4717
SUNTV-EQ,13404
NITINSPIN-EQ,13175
MAHKTECH-EQ,7074
VSTTILLERS-EQ,24292
DSPNEWETF-EQ,6606
RSWM-EQ,2794
RUPA-EQ,25724
BSLNIFTY-EQ,24781
LODHA-EQ,3220
GRSE-EQ,5475
VIMTALABS-EQ,13101
GODREJAGRO-EQ,144
MAHASTEEL-EQ,17527
ROUTE-EQ,128
MSPL-EQ,11919
DHUNINV-EQ,22233
HDFCNEXT50-EQ,10619
BAJAJHIND-EQ,308
CAMS-EQ,342
VIVIDHA-EQ,29877
KOTAKCONS-EQ,10512
RAILTEL-EQ,2431
JISLJALEQS-EQ,10397
ASHAPURMIN-EQ,203
HAVELLS-EQ,9819
APOLLOHOSP-EQ,157
EMAMIREAL-EQ,19277
BANG-EQ,15303
GENCON-EQ,2188
WIPRO-EQ,3787
E2E-EQ,8937
ARVINDFASN-EQ,9111
MIRCELECTR-EQ,2202
BCG-EQ,8833
MMTC-EQ,17957
ANDREWYU-EQ,5206
BBETF0432-EQ,7196
DIVOPPBEES-EQ,2636
PRAKASH-EQ,2708
ANURAS-EQ,2829
PRIMESECU-EQ,11864
PARAGMILK-EQ,17130
ASAHIINDIA-EQ,5378
NITCO-EQ,13300
SNOWMAN-EQ,4843
VINYLINDIA-EQ,16821
REPCOHOME-EQ,29598
PARSVNATH-EQ,13791
LTGILTBEES-EQ,17700
RPSGVENT-EQ,8119
ASALCBR-EQ,17598
SAKHTISUG-EQ,2969
KSCL-EQ,14972
IVZINGOLD-EQ,18292
GOODLUCK-EQ,6125
AXISBPSETF-EQ,3530
OLECTRA-EQ,10637
ATUL-EQ,263
011NSETEST-EQ,14747
GLAND-EQ,1186
APTECHT-EQ,10755
SHREERAMA-EQ,7627
ABSLLIQUID-EQ,14518
KRITINUT-EQ,11432
SANGINITA-EQ,11032
ASPINWALL-EQ,17270
JKPAPER-EQ,11860
RELCHEMQ-EQ,9652
VENUSREM-EQ,13859
VASWANI-EQ,25340
INDHOTEL-EQ,1512
AMARAJABAT-EQ,100
FMGOETZE-EQ,1190
TATAELXSI-EQ,3411
CENTURYTEX-EQ,625
SUTLEJTEX-EQ,13801
CREST-EQ,13900
GSLSU-EQ,14599
JINDRILL-EQ,13875
KMSUGAR-EQ,14667
EMAMILTD-EQ,13517
UNIINFO-EQ,7791
VAKRANGEE-EQ,13342
CROWN-EQ,8083
HDFCSENETF-EQ,11593
V2RETAIL-EQ,14766
SIGMA-EQ,16658
IDFCFIRSTB-EQ,11184
FOCUS-EQ,6836
BFINVEST-EQ,21113
GKWLIMITED-EQ,17357
SHIVATEX-EQ,804
NV20BEES-EQ,9847
MEDPLUS-EQ,7254
DCW-EQ,817
GILLANDERS-EQ,17839
APLLTD-EQ,25328
TEXMOPIPES-EQ,18214
ICICIM150-EQ,17152
SANSERA-EQ,5751
BAJAJELEC-EQ,15034
KOTAKALPHA-EQ,7412
BIGBLOC-EQ,18431
FCL-EQ,6198
ROTO-EQ,9049
TREEHOUSE-EQ,25082
MANAKSTEEL-EQ,7463
BALPHARMA-EQ,13441
AVANTIFEED-EQ,7936
STOVEKRAFT-EQ,2107
SYNGENE-EQ,10243
ORICONENT-EQ,10159
POWERMECH-EQ,10473
ONWARDTEC-EQ,2481
HLEGLAS-EQ,2289
3MINDIA-EQ,474
IMAGICAA-EQ,7672
M&M-EQ,2031
BFUTILITIE-EQ,14567
AIRAN-EQ,9897
GINNIFILA-EQ,1142
BLAL-EQ,15067
BANSWRAS-EQ,14511
MANXT50-EQ,17181
QUESS-EQ,17704
ERIS-EQ,21154
FLUOROCHEM-EQ,13750
SCHAND-EQ,20698
HERITGFOOD-EQ,4598
AARON-EQ,1030
SOUTHWEST-EQ,9678
POWERGRID-EQ,14977
GREENPLY-EQ,3987
TATAMETALI-EQ,3423
AMBUJACEM-EQ,1270
031NSETEST-EQ,14753
JINDALSTEL-EQ,6733
BSE-EQ,19585
ABSLAMC-EQ,6018
MBAPL-EQ,12686
SBCL-EQ,4656
TAJGVK-EQ,9354
RPPINFRA-EQ,20760
PDMJEPAPER-EQ,15377
NAVKARCORP-EQ,10557
DELTAMAGNT-EQ,1214
ZENITHEXPO-EQ,4176
GTLINFRA-EQ,13745
AAREYDRUGS-EQ,5245
ACL-EQ,15420
ICICINV20-EQ,17475
SUPERHOUSE-EQ,20616
SATIN-EQ,10453
RAMCOSYS-EQ,7851
HINDCOMPOS-EQ,1372
WEBELSOLAR-EQ,14602
ENIL-EQ,13192
SEPC-EQ,15308
RESPONIND-EQ,20323
SALSTEEL-EQ,11634
UFLEX-EQ,1053
FORTIS-EQ,14592
VIKASLIFE-EQ,9931
ABB-EQ,13
VBL-EQ,18921
KPITTECH-EQ,9683
STARCEMENT-EQ,21091
MOMOMENTUM-EQ,8182
KIRLOSENG-EQ,20936
ICICIPRULI-EQ,18652
KOTAKBKETF-EQ,5851
ETHOSLTD-EQ,9750
PDSL-EQ,5264
AKSHOPTFBR-EQ,8591
TEJASNET-EQ,21131
SHREDIGCEM-EQ,3099
ASTERDM-EQ,1508
INDOCO-EQ,11677
BEPL-EQ,419
LINC-EQ,6951
DCBBANK-EQ,13725
LUMAXIND-EQ,2018
FINPIPE-EQ,1041
GATEWAY-EQ,8510
INDIAMART-EQ,10726
ELGIRUBCO-EQ,24924
PIIND-EQ,24184
GULPOLY-EQ,6286
NTPC-EQ,11630
DHANI-EQ,15384
ACCURACY-EQ,1465
AUROPHARMA-EQ,275
SUZLON-EQ,12018
BAJAJCON-EQ,19531
BLISSGVS-EQ,19265
OILCOUNTUB-EQ,2472
IVZINNIFTY-EQ,24217
SHANKARA-EQ,20321
BBL-EQ,13761
PRITI-EQ,8304
ADVENZYMES-EQ,18039
DODLA-EQ,4822
ELECON-EQ,13643
VINATIORGA-EQ,17364
LAXMIMACH-EQ,1979
HPIL-EQ,11796
TALBROAUTO-EQ,13648
GEOJITFSL-EQ,11896
PANAMAPET-EQ,25392
ITDC-EQ,19299
AMBICAAGAR-EQ,11496
KHAITANLTD-EQ,3912
SMSPHARMA-EQ,14329
MAWANASUG-EQ,17022
KSB-EQ,1949
BLUECOAST-EQ,7480
GNA-EQ,18571
PRECOT-EQ,2711
BERGEPAINT-EQ,404
TIMESGTY-EQ,10717
STARPAPER-EQ,3291
GOLDSHARE-EQ,14535
RAJESHEXPO-EQ,7401
ICICIMCAP-EQ,17702
JASH-EQ,13982
WABAG-EQ,20188
GHCL-EQ,1127
GLOBUSSPR-EQ,17424
RITES-EQ,3761
NILKAMAL-EQ,2421
HINDPETRO-EQ,1406
CUB-EQ,5701
111NSETEST-EQ,14774
BDL-EQ,2144
DATAPATTNS-EQ,7358
WHEELS-EQ,3766
MAHLOG-EQ,385
SUPRAJIT-EQ,11689
DAMODARIND-EQ,17541
IBREALEST-EQ,14450
JKIL-EQ,15266
RTNPOWER-EQ,17520
MUNJALSHOW-EQ,2307
CENTENKA-EQ,619
TRF-EQ,17987
TCIEXP-EQ,19223
DIL-EQ,8657
AARVI-EQ,19073
MARUTI-EQ,10999
KINGFA-EQ,18944
LATENTVIEW-EQ,6818
SIEMENS-EQ,3150
APOLSINHOT-EQ,6302
SASKEN-EQ,11983
NAGREEKEXP-EQ,14702
SOUTHBANK-EQ,5948
CERA-EQ,15039
MON100-EQ,22739
NOVARTIND-EQ,9007
RADHIKAJWE-EQ,10343
SUNDARAM-EQ,18931
JPASSOCIAT-EQ,11460
101NSETEST-EQ,14772
LYPSAGEMS-EQ,31468
SARLAPOLY-EQ,14043
SFL-EQ,19184
INFY-EQ,1594
POKARNA-EQ,17651
COLPAL-EQ,15141
TIINDIA-EQ,312
ALKALI-EQ,16959
KOTHARIPET-EQ,4594
NIPPOBATRY-EQ,6782
PNC-EQ,9342
UNIVASTU-EQ,18977
TRIL-EQ,15174
IFGLEXPOR-EQ,436
NRL-EQ,13675
GAL-EQ,20296
SHYAMCENT-EQ,10188
NRBBEARING-EQ,7553
CHALET-EQ,8546
MOVALUE-EQ,10825
JAYAGROGN-EQ,4041
HDFCBSE500-EQ,14230
BIKAJI-EQ,11966
061NSETEST-EQ,14762
ASHIANA-EQ,24403
SPLIL-EQ,11935
AVADHSUGAR-EQ,21406
BHARATFORG-EQ,422
DHAMPURSUG-EQ,857
VETO-EQ,8652
RIIL-EQ,2912
081NSETEST-EQ,14767
IGPL-EQ,14086
CHEMCON-EQ,270
DIVGIITTS-EQ,14479
SUPRIYA-EQ,7390
DEEPINDS-EQ,3292
FUSION-EQ,11932
PFIZER-EQ,2643
IMFA-EQ,19235
AMBIKCO-EQ,15234
URJA-EQ,20203
JMFINANCIL-EQ,13637
VINEETLAB-EQ,3807
MAXVIL-EQ,17468
NFL-EQ,13925
JKLAKSHMI-EQ,13491
MANORG-EQ,6422
SPENCERS-EQ,8163
AUTOAXLES-EQ,278
UFO-EQ,9039
SDBL-EQ,1338
CESC-EQ,628
SUVIDHAA-EQ,2998
GMRINFRA-EQ,13528
AXISBANK-EQ,5900
AVONMORE-EQ,13557
ICICIBANK-EQ,4963
KAJARIACER-EQ,1808
PRESTIGE-EQ,20302
RBLBANK-EQ,18391
ENGINERSIN-EQ,4907
ASAL-EQ,10634
GREAVESCOT-EQ,1235
CAREERP-EQ,20086
CCHHL-EQ,6385
VIPIND-EQ,3703
LGBFORGE-EQ,16845
GUFICBIO-EQ,11606
INDIGOPNTS-EQ,2048
INFRABEES-EQ,20072
CAMPUS-EQ,9362
MOHITIND-EQ,29423
GVKPIL-EQ,13226
EPL-EQ,981
ANIKINDS-EQ,16657
IDBI-EQ,1476
PGHL-EQ,940
NAGREEKCAP-EQ,14942
JAGSNPHARM-EQ,4410
ICICICONSU-EQ,6446
COUNCODOS-EQ,16986
BOROLTD-EQ,19401
WILLAMAGOR-EQ,3772
AXISNIFTY-EQ,21252
BANKBARODA-EQ,4668
BESTAGRO-EQ,2306
KOTAKLIQ-EQ,13950
TEXRAIL-EQ,21828
IRISDOREME-EQ,2275
EVERESTIND-EQ,993
UPL-EQ,11287
UTISENSETF-EQ,10515
ESCORTS-EQ,958
HAPPSTMNDS-EQ,48
ALBERTDAVD-EQ,17256
BAJAJ-AUTO-EQ,16669
LICNFNHGP-EQ,15229
VIPULLTD-EQ,8424
DTIL-EQ,6227
VEDL-EQ,3063
GANESHBE-EQ,5614
HARIOMPIPE-EQ,8968
BCLIND-EQ,2513
TATACONSUM-EQ,3432
SHAILY-EQ,8727
BHAGCHEM-EQ,6164
ARCHIES-EQ,5688
GENUSPOWER-EQ,11905
DLF-EQ,14732
BUTTERFLY-EQ,2716
CONSOFINVT-EQ,11731
GRANULES-EQ,11872
ICICI10GS-EQ,13143
CIGNITITEC-EQ,5142
SGIL-EQ,5114
ENDURANCE-EQ,18822
ARIES-EQ,15204
MITCON-EQ,8469
AVG-EQ,15589
AMBER-EQ,1185
PNBHOUSING-EQ,18908
IFCI-EQ,1491
ICICIGI-EQ,21770
JUBLINDS-EQ,21541
SANDESH-EQ,2988
ICICINXT50-EQ,4529
PCJEWELLER-EQ,29124
GRWRHITECH-EQ,7982
SUNFLAG-EQ,3348
RALLIS-EQ,2816
JUNIORBEES-EQ,10939
PSUBANKICI-EQ,14584
GREENPANEL-EQ,13810
INDOAMIN-EQ,9116
CAPACITE-EQ,21749
AETHER-EQ,9810
KUANTUM-EQ,13870
ACCELYA-EQ,7053
DVL-EQ,15214
ARTNIRMAN-EQ,6156
MALLCOM-EQ,7965
MOQUALITY-EQ,10822
MAGOLDETF-EQ,14286
BHAGYANGR-EQ,20776
VENUSPIPES-EQ,9592
FIEMIND-EQ,13710
NYKAA-EQ,6545
INDNIPPON-EQ,4747
IBULHSGFIN-EQ,30125
NBCC-EQ,31415
ABCAPITAL-EQ,21614
PIDILITIND-EQ,2664
AXISTECETF-EQ,3010
SWELECTES-EQ,11909
APEX-EQ,21623
GALLANTT-EQ,13337
VMART-EQ,29284
STEELCAS-EQ,6803
BALAMINES-EQ,14501
SOMANYCERA-EQ,3880
SPECIALITY-EQ,27107
BLBLIMITED-EQ,8132
LANDMARK-EQ,13276
SETFGOLD-EQ,17272
JPPOWER-EQ,11763
KITEX-EQ,28899
VIJIFIN-EQ,17691
MANV30F-EQ,14786
OAL-EQ,10768
SIS-EQ,21501
KIRIINDUS-EQ,16639
MORARJEE-EQ,28877
MAHLIFE-EQ,8050
TBZ-EQ,27037
COMPUSOFT-EQ,31138
HATSUN-EQ,3892
VAISHALI-EQ,16589
TIMKEN-EQ,14198
HCLTECH-EQ,7229
HONDAPOWER-EQ,3138
CINEVISTA-EQ,8024
EXIDEIND-EQ,676
IBMFNIFTY-EQ,9937
SUMICHEM-EQ,17105
NIBL-EQ,29733
KAMDHENU-EQ,13457
IVC-EQ,6711
NAHARPOLY-EQ,14445
SAGCEM-EQ,14068
PSUBNKBEES-EQ,15032
EIFFL-EQ,6040
BLUEDART-EQ,495
DYNPRO-EQ,21314
LUPIN-EQ,10440
GROBTEA-EQ,17770
PERSISTENT-EQ,18365
ACE-EQ,13587
ANANTRAJ-EQ,13620
MASFIN-EQ,199
UMAEXPORTS-EQ,8842
ASHOKLEY-EQ,212
TMB-EQ,10945
MPHASIS-EQ,4503
UDAICEMENT-EQ,7276
SJVN-EQ,18883
DOLLAR-EQ,20560
CUPID-EQ,18520
HERCULES-EQ,15288
GIPCL-EQ,1145
TV18BRDCST-EQ,14208
TATAINVEST-EQ,1621
BROOKS-EQ,25136
ZENTEC-EQ,7508
FACT-EQ,1008
INDIACEM-EQ,1515
NSIL-EQ,11239
SETFNN50-EQ,7353
KENNAMET-EQ,11841
MOM50-EQ,19289
SPIC-EQ,3252
BASF-EQ,368
QNIFTY-EQ,16819
BALAXI-EQ,11309
EXCELINDUS-EQ,11471
PRICOLLTD-EQ,19631
TATACOMM-EQ,3721
RANASUG-EQ,2837
SPARC-EQ,14788
PGIL-EQ,14260
OMAXE-EQ,14853
RAMAPHO-EQ,10568
SHREYANIND-EQ,3126
HUDCO-EQ,20825
NECLIFE-EQ,11927
PILITA-EQ,30835
DOLATALGO-EQ,12124
ICICIBANKP-EQ,11386
IMPAL-EQ,12009
PPLPHARMA-EQ,11571
GODREJIND-EQ,10925
AARTIDRUGS-EQ,4481
TIMETECHNO-EQ,14707
CMSINFO-EQ,7603
MANAKCOAT-EQ,7413
UTIBANKETF-EQ,22440
MANINFRA-EQ,18226
ANDHRSUGAR-EQ,136
SUKHJITS-EQ,11804
REMSONSIND-EQ,3965
UTINEXT50-EQ,21478
ULTRACEMCO-EQ,11532
ISEC-EQ,2489
AVALON-EQ,15058
M&MFIN-EQ,13285
ANUP-EQ,9014
MAGS813ETF-EQ,14938
HISARMETAL-EQ,19322
RKEC-EQ,1547
ONMOBILE-EQ,15278
DALBHARAT-EQ,8075
NELCAST-EQ,14761
APTUS-EQ,5435
NILAINFRA-EQ,9253
CONSUMBEES-EQ,2435
PETRONET-EQ,11351
INDIAGLYCO-EQ,1521
SETF10GILT-EQ,17395
ZEEL-EQ,3812
GENESYS-EQ,10905
MANALIPETC-EQ,13796
MARALOVER-EQ,2112
SIYSIL-EQ,14096
GMDCLTD-EQ,5204
COALINDIA-EQ,20374
INDOTHAI-EQ,25608
RAIN-EQ,15337
SARDAEN-EQ,17758
TITAN-EQ,3506
FORCEMOT-EQ,11573
CREATIVE-EQ,11155
PEL-EQ,2412
AHL-EQ,13288
SHAHALLOYS-EQ,11856
PFOCUS-EQ,13496
JISLDVREQS-EQ,25684
TECH-EQ,6462
BPCL-EQ,526
AURUM-EQ,10310
NATIONALUM-EQ,6364
HSCL-EQ,14334
VASCONEQ-EQ,18110
APLAPOLLO-EQ,25780
NBIFIN-EQ,19111
LIKHITHA-EQ,578
ADANITRANS-EQ,10217
CRAFTSMAN-EQ,2854
ABBOTINDIA-EQ,17903
SURYAROSNI-EQ,3375
OPTIEMUS-EQ,21469
KIRLPNU-EQ,15180
UGROCAP-EQ,5313
VOLTAMP-EQ,13577
AGSTRA-EQ,7927
SUVEN-EQ,11233
NAZARA-EQ,2987
LEMONTREE-EQ,2606
VENKEYS-EQ,3757
WESTLIFE-EQ,11580
LSIL-EQ,17801
MATRIMONY-EQ,21726
SCHNEIDER-EQ,31234
IPCALAB-EQ,1633
AGARIND-EQ,3389
TARSONS-EQ,6943
CENTRALBK-EQ,14894
PTC-EQ,11355
KOPRAN-EQ,1919
LINDEINDIA-EQ,1627
VIDHIING-EQ,13536
MAZDOCK-EQ,509
SAPPHIRE-EQ,6718
WINDLAS-EQ,5366
PIGL-EQ,15716
TAKE-EQ,14917
MAGADSUGAR-EQ,21392
ATULAUTO-EQ,30023
UTTAMSUGAR-EQ,13376
SILINV-EQ,4105
ZUARI-EQ,29050
ICICIMOM30-EQ,10585
CRISIL-EQ,757
HAL-EQ,2303
UNIVCABLES-EQ,3607
EIHAHOTELS-EQ,15399
CHOICEIN-EQ,8866
ADANIPOWER-EQ,17388
AXISCETF-EQ,5732
INFIBEAM-EQ,16249
IGL-EQ,11262
KTKBANK-EQ,8054
QUICKHEAL-EQ,13116
LT-EQ,11483
FOSECOIND-EQ,1073
THERMAX-EQ,3475
MEGASTAR-EQ,8153
KARMAENG-EQ,24385
JSL-EQ,11236
MCDOWELL-N-EQ,10447
TTML-EQ,8954
SRF-EQ,3273
VISESHINFO-EQ,7303
AXITA-EQ,9902
RAMANEWS-EQ,13565
SKFINDIA-EQ,3186
ICICILIQ-EQ,4838
HBANKETF-EQ,22433
BECTORFOOD-EQ,1628
HERANBA-EQ,2614
ABAN-EQ,10
SWARAJENG-EQ,3384
MINDTECK-EQ,18049
TVSSRICHAK-EQ,14245
DNAMEDIA-EQ,641
DGCONTENT-EQ,10346
STERTOOLS-EQ,4299
DSPGOLDETF-EQ,15356
AMRUTANJAN-EQ,17547
SAH-EQ,13689
HNDFDS-EQ,12173
BHEL-EQ,438
JINDALPOLY-EQ,1756
PEARLPOLY-EQ,2610
GRMOVER-EQ,10871
MTNL-EQ,2294
HINDZINC-EQ,1424
CCL-EQ,11452
AMDIND-EQ,14398
RUSTOMJEE-EQ,12219
JSWHL-EQ,11880
JYOTHYLAB-EQ,15146
SATIA-EQ,11045
KOLTEPATIL-EQ,15124
PGEL-EQ,25358
041NSETEST-EQ,14755
091NSETEST-EQ,14769
BAIDFIN-EQ,13794
051NSETEST-EQ,14758
MAHINDCIE-EQ,14937
TOTAL-EQ,22423
RBL-EQ,16745
CHOLAHLDNG-EQ,21740
MAITHANALL-EQ,24538
ASTRAZEN-EQ,5610
RAMKY-EQ,20134
HPAL-EQ,7376
HDFCSML250-EQ,14233
ARIHANTCAP-EQ,3813
MUTHOOTFIN-EQ,23650
BRITANNIA-EQ,547
GSPL-EQ,13197
VERANDA-EQ,8890
BOHRAIND-EQ,11640
ISGEC-EQ,3329
NAGAFERT-EQ,17295
CASTROLIND-EQ,1250
GANESHHOUC-EQ,14339
KCP-EQ,1841
MAHEPC-EQ,17603
HIL-EQ,1455
HITECHCORP-EQ,15161
UBL-EQ,16713
CONTROLPR-EQ,17477
RADIANTCMS-EQ,13580
REDINGTON-EQ,14255
ORIENTELEC-EQ,2972
MKPL-EQ,16736
DSSL-EQ,25690
RAMCOIND-EQ,4587
TOUCHWOOD-EQ,16908
PREMEXPLN-EQ,17397
BPL-EQ,530
JAGRAN-EQ,13211
NEWGEN-EQ,1164
SHREYAS-EQ,3129
MFSL-EQ,2142
MAM150ETF-EQ,8413
ROLEXRINGS-EQ,5279
GOCLCORP-EQ,3963
BANDHANBNK-EQ,2263
CHENNPETRO-EQ,2049
TECHNOE-EQ,6445
RANEHOLDIN-EQ,2844
TTKHLTCARE-EQ,11369
AXISHCETF-EQ,3608
ITBEES-EQ,19084
WHIRLPOOL-EQ,18011
SPCENET-EQ,19372
MAHESHWARI-EQ,9576
APOLLO-EQ,1134
SANDHAR-EQ,2397
VTL-EQ,2073
IDFNIFTYET-EQ,18783
DBCORP-EQ,17881
KHADIM-EQ,425
ICEMAKE-EQ,489
PILANIINVS-EQ,11445
KSL-EQ,18889
POLYCAB-EQ,9590
DANGEE-EQ,1110
EQUITASBNK-EQ,913
HESTERBIO-EQ,7048
PAR-EQ,5631
AHLUCONT-EQ,17833
NETWORK18-EQ,14111
KANSAINER-EQ,1196
PRIVISCL-EQ,8825
KOTAKMID50-EQ,8077
SAHYADRI-EQ,14900
PURVA-EQ,14922
HBLPOWER-EQ,13966
PARAS-EQ,5911
ATLANTA-EQ,13585
INDBANK-EQ,16933
MASTEK-EQ,2124
DLINKINDIA-EQ,17851
ORTINLAB-EQ,2979
RATEGAIN-EQ,7177
PATINTLOG-EQ,15219
AIAENG-EQ,13086
NUVOCO-EQ,5426
PVRINOX-EQ,13147
BIRLACABLE-EQ,477
TAINWALCHM-EQ,3396
SANOFI-EQ,1442
ICICIFMCG-EQ,5306
DICIND-EQ,703
MURUDCERA-EQ,2313
ADFFOODS-EQ,19761
AXISCADES-EQ,9436
HDFCMFGETF-EQ,19543
DIGISPICE-EQ,16683
SPAL-EQ,18252
AXISBNKETF-EQ,1044
GOKEX-EQ,11778
PPL-EQ,10297
STYLAMIND-EQ,5186
MENONBE-EQ,6961
DCMSHRIRAM-EQ,811
KOTAKSILVE-EQ,13082
ICIL-EQ,11987
KOTAKIT-EQ,2627
LPDC-EQ,16863
XPROINDIA-EQ,11407
INDUSINDBK-EQ,5258
ADANIPORTS-EQ,15083
AMJLAND-EQ,2598
AXISILVER-EQ,11193
DEEPAKNTR-EQ,19943
AWL-EQ,8110
LALPATHLAB-EQ,11654
TVSELECT-EQ,11265
CHOLAFIN-EQ,685
MFL-EQ,5382
CYIENT-EQ,5748
TATAMOTORS-EQ,3456
CARERATING-EQ,29113
HDFCSILVER-EQ,10876
MAXIND-EQ,22428
GANGESSECU-EQ,21399
EXPLEOSOL-EQ,17486
ICICIINFRA-EQ,10723
CHEMBOND-EQ,14618
TIDEWATER-EQ,14019
CINELINE-EQ,27161
ORBTEXP-EQ,31475
LFIC-EQ,7902
PODDARMENT-EQ,19036
GOACARBON-EQ,14687
LTIM-EQ,17818
DHANUKA-EQ,24409
SSWL-EQ,11829
G1NSETEST-EQ,12842
ABFRL-EQ,30108
HOMEFIRST-EQ,2056
SHEMAROO-EQ,5068
NAM-INDIA-EQ,357
WEIZMANIND-EQ,3748
ALANKIT-EQ,9921
MAN50ETF-EQ,6353
TECHM-EQ,13538
FINCABLES-EQ,1038
ALICON-EQ,13656
INDIANHUME-EQ,1530
PROZONINTU-EQ,28859
GMRP&UI-EQ,8529
BANKINDIA-EQ,4745
KREBSBIO-EQ,1937
BHANDARI-EQ,19556
ITI-EQ,1675
SAKSOFT-EQ,11794
GTL-EQ,1162
TATAPOWER-EQ,3426
INOXGREEN-EQ,12188
DEVIT-EQ,8146
HARSHA-EQ,11162
AMIORG-EQ,5578
SAIL-EQ,2963
GODFRYPHLP-EQ,1181
RELIGARE-EQ,15068
VIPCLOTHNG-EQ,14843
EROSMEDIA-EQ,20080
EKC-EQ,13091
GOCOLORS-EQ,6964
FIVESTAR-EQ,12032
TATACOFFEE-EQ,724
SURANAT&P-EQ,10700
TRIVENI-EQ,13081
DYNAMATECH-EQ,4525
VAIBHAVGBL-EQ,11364
SIRCA-EQ,11050
LYKALABS-EQ,2028
NEULANDLAB-EQ,2406
SONACOMS-EQ,4684
ABSLBANETF-EQ,13987
ONGC-EQ,2475
ICICIB22-EQ,522
INOXWIND-EQ,7852
EBANK-EQ,11625
HFCL-EQ,21951
FMNL-EQ,21017
HINDOILEXP-EQ,1403
ASIANPAINT-EQ,236
INDORAMA-EQ,10993
SHYAMMETL-EQ,4693
ADANIGREEN-EQ,3563
MOL-EQ,5394
ARVEE-EQ,2814
IFBIND-EQ,1485
BSOFT-EQ,6994
AWHCL-EQ,1797
ITDCEM-EQ,5622
NAVNETEDUL-EQ,2385
KPRMILL-EQ,14912
AFFLE-EQ,11343
FEDERALBNK-EQ,1023
CORDSCABLE-EQ,15271
BSL-EQ,559
ALLCARGO-EQ,13501
ORIENTBELL-EQ,14278
EBBETF0431-EQ,22239
JAYBARMARU-EQ,1708
KOTARISUG-EQ,11647
ANGELONE-EQ,324
PHOENIXLTD-EQ,14552
PONNIERODE-EQ,10661
AUTOIND-EQ,14106
FILATEX-EQ,24532
MADRASFERT-EQ,4911
HARRMALAYA-EQ,1313
GESHIP-EQ,13776
HDFCBANK-EQ,1333
ANDHRAPAP-EQ,166
INDSWFTLAB-EQ,4870
VHL-EQ,11892
PTCIL-EQ,16682
ZENSARTECH-EQ,1076
HCC-EQ,1375
HLVLTD-EQ,1448
INVENTURE-EQ,24870
JKTYRE-EQ,14435
REVATHI-EQ,11961
GUJGASLTD-EQ,10599
VISHNU-EQ,6908
MOLOWVOL-EQ,8654
INDIANCARD-EQ,4422
FIBERWEB-EQ,8159
RHIM-EQ,31163
GEECEE-EQ,13658
TATVA-EQ,5162
UNIVPHOTO-EQ,17659
BRIGADE-EQ,15184
ZUARIIND-EQ,3827
INTELLECT-EQ,5926
VARDHACRLC-EQ,11220
CAPTRUST-EQ,19447
IOC-EQ,1624
GSFC-EQ,1247
PHARMABEES-EQ,4973
HCG-EQ,15555
MOMENTUM-EQ,10693
TNPL-EQ,3980
ORIENTPPR-EQ,2496
DCM-EQ,805
HIMATSEIDE-EQ,1360
RAINBOW-EQ,9408
LCCINFOTEC-EQ,7529
SIGIND-EQ,4522
CHEMPLASTS-EQ,5449
TRIGYN-EQ,5428
AUTOBEES-EQ,7880
HDFCAMC-EQ,4244
SULA-EQ,13218
ASTRAMICRO-EQ,11618
SHREECEM-EQ,3103
MEDICO-EQ,9667
DECCANCE-EQ,14838
SECURKLOUD-EQ,11058
WEALTH-EQ,1923
PSPPROJECT-EQ,20877
NLCINDIA-EQ,8585
MEGASOFT-EQ,14793
CLEDUCATE-EQ,20223
SANGAMIND-EQ,4184
NESTLEIND-EQ,17963
JUBLPHARMA-EQ,3637
KRSNAA-EQ,5359
BHARATGEAR-EQ,426
EMAMIPAP-EQ,10074
151NSETEST-EQ,14782
TNPETRO-EQ,3509
SMLISUZU-EQ,3387
GICHSGFIN-EQ,1139
CYBERMEDIA-EQ,11842
KPIL-EQ,1814
STEL-EQ,21484
CIPLA-EQ,694
LOYALTEX-EQ,10590
BANKBEES-EQ,11439
MUNJALAU-EQ,13511
TANLA-EQ,13976
INTENTECH-EQ,20071
TARC-EQ,1581
SATINDLTD-EQ,12015
ZFCVINDIA-EQ,16915
TIPSFILMS-EQ,11374
MANGALAM-EQ,11817
RHFL-EQ,21733
NATHBIOGEN-EQ,11065
NAVINFLUOR-EQ,14672
GOKUL-EQ,16705
MODISONLTD-EQ,3316
TINPLATE-EQ,3493
TCNSBRANDS-EQ,4172
ESTER-EQ,24265
PITTIENG-EQ,14134
HGS-EQ,14712
ICICIALPLV-EQ,22344
MAYURUNIQ-EQ,28906
SHANTIGEAR-EQ,3078
MAHABANK-EQ,11377
MONARCH-EQ,7679
UGARSUGAR-EQ,19578
SMSLIFE-EQ,21551
DREAMFOLKS-EQ,10859
TECHIN-EQ,25190
RTNINDIA-EQ,27297
DBREALTY-EQ,18124
BHARTIARTL-EQ,10604
POLYMED-EQ,25718
NCC-EQ,2319
IGARASHI-EQ,634
VIJAYA-EQ,5585
RKFORGE-EQ,11411
KNRCON-EQ,15283
ZOMATO-EQ,5097
VRLLOG-EQ,8696
ALLSEC-EQ,11798
KPIGREEN-EQ,5108
JSWISPL-EQ,4671
NAVA-EQ,4014
IEX-EQ,220
ASAHISONG-EQ,25088
SELAN-EQ,13598
SBGLP-EQ,14139
CANTABIL-EQ,20160
AKASH-EQ,13510
ROLLT-EQ,19104
AVROIND-EQ,8827
TRIDENT-EQ,9685
ZEEMEDIA-EQ,14003
HNGSNGBEES-EQ,18284
BYKE-EQ,7919
MADHUCON-EQ,13671
SHARDAMOTR-EQ,10530
PENIND-EQ,20621
ALPA-EQ,14848
RAJRATAN-EQ,18962
ROSSELLIND-EQ,28913
STARTECK-EQ,9305
CSBBANK-EQ,14966
MASPTOP50-EQ,5782
NIFTYQLITY-EQ,10690
LAXMICOT-EQ,6568
SWANENERGY-EQ,27095
DATAMATICS-EQ,11423
JAMNAAUTO-EQ,20778
BBTCL-EQ,12153
SUBROS-EQ,3324
SOBHA-EQ,13826
ICICIAUTO-EQ,7844
EICHERMOT-EQ,910
AVTNPL-EQ,14008
POCL-EQ,14385
CARYSIL-EQ,1879
VOLTAS-EQ,3718
LOVABLE-EQ,22415
STYRENIX-EQ,19
ADORWELD-EQ,34
HINDCON-EQ,4920
BASML-EQ,12034
METROPOLIS-EQ,9581
RADAAN-EQ,10932
IRIS-EQ,6489
MAXHEALTH-EQ,22377
SBICARD-EQ,17971
AGRITECH-EQ,11072
CLSEL-EQ,3482
071NSETEST-EQ,14764
RICOAUTO-EQ,2909
RGL-EQ,15129
MOTILALOFS-EQ,14947
SASTASUNDR-EQ,20063
IITL-EQ,19525
AAATECH-EQ,12533
PFC-EQ,14299
GODREJPROP-EQ,17875
PIONEEREMB-EQ,13463
VIRINCHI-EQ,15295
DIXON-EQ,21690
DELPHIFX-EQ,24391
FAIRCHEMOR-EQ,1614
ZYDUSLIFE-EQ,7929
NECCLTD-EQ,13522
ACC-EQ,22
ZOTA-EQ,11394
INCREDIBLE-EQ,17507
BHARATWIRE-EQ,16123
XCHANGING-EQ,11705
SBIETFPB-EQ,722
RENUKA-EQ,12026
SILGO-EQ,2492
SETFNIFBK-EQ,7361
ORIENTHOT-EQ,2493
SALASAR-EQ,21362
DIVISLAB-EQ,10940
WATERBASE-EQ,3745
DISHTV-EQ,14537
KSOLVES-EQ,11060
PRINCEPIPE-EQ,16045
RELIANCE-EQ,2885
ORIENTALTL-EQ,14346
CONFIPET-EQ,10238
GRAUWEIL-EQ,5200
COASTCORP-EQ,6006
TEGA-EQ,7105
MUKTAARTS-EQ,8687
TVSMOTOR-EQ,8479
INDTERRAIN-EQ,21957
SAKUMA-EQ,13251
ICICI5GSEC-EQ,8342
VARROC-EQ,3857
VESUVIUS-EQ,3676
UNITEDTEA-EQ,17999
SYRMA-EQ,10793
TASTYBITE-EQ,20092
GLFL-EQ,1156
SAMBHAAV-EQ,4127
LIBERTSHOE-EQ,1994
MUTHOOTCAP-EQ,10415
ICICIGOLD-EQ,19679
EMUDHRA-EQ,9756
SILLYMONKS-EQ,19097
MGL-EQ,17534
BAJAJHCARE-EQ,6863
HINDUNILVR-EQ,1394
SDL26BEES-EQ,3022
STEELXIND-EQ,21339
SUPERSPIN-EQ,3357
ICICIPHARM-EQ,3626
SHARDACROP-EQ,4992
DBL-EQ,18086
UNICHEMLAB-EQ,3579
RPGLIFE-EQ,16725
NGLFINE-EQ,10277
VGUARD-EQ,15362
HINDWAREAP-EQ,15883
REPRO-EQ,13126
MCX-EQ,31181
JAIPURKURT-EQ,5516
SHRIRAMPPS-EQ,7200
PIXTRANS-EQ,9087
RITCO-EQ,8944
EXCEL-EQ,17376
ROSSARI-EQ,19410
CENTEXT-EQ,11511
LIQUIDBEES-EQ,11006
PUNJABCHEM-EQ,4344
RCF-EQ,2866
EMMBI-EQ,18142
TTKPRESTIG-EQ,3546
SJS-EQ,6643
PRECWIRE-EQ,2717
EIDPARRY-EQ,916
CARTRADE-EQ,5407
KKCL-EQ,13381
NOIDATOLL-EQ,10786
JETFREIGHT-EQ,7211
LTTS-EQ,18564
KOTAKGOLD-EQ,14858
MONTECARLO-EQ,5938
MOIL-EQ,20830
ASTEC-EQ,17728
GANDHITUBE-EQ,14116
NOCIL-EQ,2442
KIOCL-EQ,19126
GPIL-EQ,13409
L&TFH-EQ,24948
SBIETFCON-EQ,5168
MPSLTD-EQ,10578
CYBERTECH-EQ,6051
CTE-EQ,14218
NITIRAJ-EQ,3247
V1NSETEST-EQ,12863
HUHTAMAKI-EQ,2562
J&KBANK-EQ,5633
GANECOS-EQ,6944
IIFL-EQ,11809
STARHEALTH-EQ,7083
GOODYEAR-EQ,1205
PRUDENT-EQ,9553
CHEMFAB-EQ,2799
ADVANIHOTR-EQ,14745
JAYSREETEA-EQ,1720
GLENMARK-EQ,7406
POWERINDIA-EQ,18457
MANAPPURAM-EQ,19061
ARVSMART-EQ,10457
ASHOKA-EQ,20182
EIHOTEL-EQ,919
MAMFGETF-EQ,7979
HEMIPROP-EQ,701
BLKASHYAP-EQ,13290
POLYPLEX-EQ,2687
BGRENERGY-EQ,15189
SINTERCOM-EQ,381
CAMLINFINE-EQ,6216
THOMASCOOK-EQ,3481
DEEPENR-EQ,18244
UTINIFTETF-EQ,10511
SUNTECK-EQ,17641
HEIDELBERG-EQ,2316
VISHAL-EQ,11773
SANGHVIMOV-EQ,14058
STEELCITY-EQ,10406
OSWALAGRO-EQ,2514
GODREJCP-EQ,10099
ELGIEQUIP-EQ,937
SILVERETF-EQ,15085
WELENT-EQ,11626
SHAKTIPUMP-EQ,25574
KELLTONTEC-EQ,13430
WONDERLA-EQ,3002
131NSETEST-EQ,14778
JMA-EQ,7109
BIOFILCHEM-EQ,4136
WENDT-EQ,4235
GULFPETRO-EQ,11581
SAGARDEEP-EQ,8175
TVVISION-EQ,18504
RELINFRA-EQ,553
KOTAKBANK-EQ,1922
MANUGRAPH-EQ,13572
SHREEPUSHK-EQ,10588
ICICITECH-EQ,22365
SOTL-EQ,3021
MANGCHEFER-EQ,15007
KESORAMIND-EQ,1859
JCHAC-EQ,4491
MANGLMCEM-EQ,2106
BALAJITELE-EQ,9158
LOTUSEYE-EQ,16807
SALONA-EQ,17351
MTARTECH-EQ,2709
INSECTICID-EQ,14657
UNOMINDA-EQ,14154
BEDMUTHA-EQ,20196
SHRIPISTON-EQ,17186
LICNETFN50-EQ,11319
ADSL-EQ,14813
ISFT-EQ,18479
RUCHIRA-EQ,13821
SUNPHARMA-EQ,3351
GILT5YBEES-EQ,3172
WSTCSTPAPR-EQ,3799
PNCINFRA-EQ,9385
PALASHSECU-EQ,21383
HDFCQUAL-EQ,11255
MANKIND-EQ,15380
NARMADA-EQ,11627
SPANDANA-EQ,11435
FAZE3Q-EQ,12000
VSTIND-EQ,3724
SPLPETRO-EQ,9617
DEN-EQ,17722
HDFCNIFIT-EQ,12101
MEP-EQ,8771
DSPBANKETF-EQ,13644
MUKANDLTD-EQ,11325
NIACL-EQ,399
NEXTMEDIA-EQ,9867
VINDHYATEL-EQ,3694
NMDC-EQ,15332
HGINFRA-EQ,1672
TDPOWERSYS-EQ,25178
PANACEABIO-EQ,4055
SBIN-EQ,3045
PANSARI-EQ,6141
TORNTPHARM-EQ,3518
JAYNECOIND-EQ,2331
20MICRONS-EQ,16921
KAVVERITEL-EQ,15244
ITC-EQ,1660
KIRLFER-EQ,14466
PANACHE-EQ,16292
BSLSENETFG-EQ,5957
DENORA-EQ,4279
MANAKSIA-EQ,15199
ZIMLAB-EQ,12384
GNFC-EQ,1174
THANGAMAYL-EQ,18118
POLICYBZR-EQ,6656
SIGACHI-EQ,6663
UNIPARTS-EQ,13057
MANYAVAR-EQ,8167
WORTH-EQ,22277
PNB-EQ,10666
MIDHANI-EQ,2463
